Year,Country,gdp_growth,gdp_ppp_billions,population_millions,gdp_per_capita_ppp,inflation_rate
1980,Thailand,4.6,75.722,47.374,1598.364,19.7
1980,Indonesia,9.9,163.519,147.49,1108.676,18
1980,Malaysia,7.4,42.296,13.885,3046.042,6.7
1980,Philippines,5.1,85.411,47.88,1783.865,18.2
1980,Vietnam,-3.5,31.438,54.18,580.243,25.2
1980,World,2.2,13230.769,3997.712,3380.466,17.2
1981,Thailand,5.9,87.784,48.326,1816.495,12.7
1981,Indonesia,7.6,192.601,150.406,1280.542,12.2
1981,Malaysia,6.9,49.511,14.229,3479.714,9.7
1981,Philippines,3.4,96.693,49.089,1969.751,13.1
1981,Vietnam,5.8,36.407,55.31,658.233,69.6
1981,World,2.3,14822.861,4071.152,3712.703,15
1982,Thailand,5.4,98.198,49.256,1993.635,5.3
1982,Indonesia,2.2,209.096,153.379,1363.269,9.5
1982,Malaysia,5.9,55.694,14.592,3816.79,5.8
1982,Philippines,3.6,106.384,50.318,2114.246,9
1982,Vietnam,8.2,41.807,56.4,741.262,95.4
1982,World,0.8,15819.354,4146.639,3891.684,14.3
1983,Thailand,5.6,107.739,50.174,2147.307,3.9
1983,Indonesia,4.2,226.395,156.41,1447.441,11.8
1983,Malaysia,6.3,61.492,14.955,4111.783,3.7
1983,Philippines,1.9,112.622,51.586,2183.192,5.3
1983,Vietnam,7.1,46.526,57.47,809.567,49.5
1983,World,2.7,16855.736,4220.699,4074.544,13.4
1984,Thailand,5.8,118.057,51.095,2310.547,0.9
1984,Indonesia,7.6,252.333,159.502,1582.002,10.5
1984,Malaysia,7.8,68.657,15.328,4479.036,3.9
1984,Philippines,-7.3,108.141,52.864,2045.639,46.7
1984,Vietnam,8.4,52.253,58.57,892.146,64.9
1984,World,4.6,18244.922,4295.448,4334.668,14
1985,Thailand,4.6,127.445,52.027,2449.596,2.3
1985,Indonesia,3.9,270.479,162.655,1662.898,4.7
1985,Malaysia,-0.9,70.208,15.823,4437.077,2.6
1985,Philippines,-7.3,103.409,54.172,1908.902,23.2
1985,Vietnam,5.6,56.935,59.71,953.517,91.6
1985,World,3.7,19498.544,4373.09,4551.963,13.7
1986,Thailand,5.5,137.205,52.98,2589.753,1.8
1986,Indonesia,7.2,295.759,165.87,1783.078,5.8
1986,Malaysia,1.2,72.447,16.257,4456.368,0.4
1986,Philippines,3.4,109.096,55.49,1966.042,-0.3
1986,Vietnam,3.4,60.031,60.92,985.401,453.5
1986,World,3.4,20538.633,4452.642,4709.715,11.7
1987,Thailand,9.5,153.99,53.946,2854.52,2.6
1987,Indonesia,6.6,323.008,169.149,1909.607,9.3
1987,Malaysia,5.4,78.242,16.681,4690.602,0.7
1987,Philippines,4.3,116.62,56.877,2050.372,3
1987,Vietnam,2.5,63.086,62.3,1012.621,360.4
1987,World,3.9,21864.139,4533.512,4916.964,14.5
1988,Thailand,13.3,180.604,54.892,3290.2,3.8
1988,Indonesia,7,357.737,172.492,2073.928,8.1
1988,Malaysia,9.9,89.051,17.094,5209.387,0.3
1988,Philippines,6.8,128.885,58.165,2215.83,12.2
1988,Vietnam,5.1,68.642,63.5,1080.975,374.4
1988,World,4.5,23631.405,4614.67,5223.436,19.1
1989,Thailand,12.2,210.572,55.772,3775.574,5.5
1989,Indonesia,9.1,405.538,175.902,2305.48,6.4
1989,Malaysia,9.1,100.928,17.508,5764.603,2.6
1989,Philippines,6.2,142.25,59.553,2388.643,11.4
1989,Vietnam,7.8,76.898,64.774,1187.17,95.8
1989,World,3.7,25441.64,4848.164,5524.41,22
1990,Thailand,11.6,243.843,56.558,4311.361,5.8
1990,Indonesia,9,458.588,179.379,2556.535,7.8
1990,Malaysia,9,114.136,18.267,6248.062,3
1990,Philippines,3,152.056,60.94,2495.169,13.2
1990,Vietnam,5,83.802,67.513,1241.276,36
1990,World,3.2,27449.189,4963.561,5730.412,25.4
1991,Thailand,8.4,273.273,57.232,4774.786,5.8
1991,Indonesia,8.9,516.429,182.354,2832.017,9.4
1991,Malaysia,9.5,129.262,18.547,6969.363,4.3
1991,Philippines,-0.4,156.513,62.36,2509.827,19.4
1991,Vietnam,5.8,91.669,68.766,1333.055,81.8
1991,World,2.5,29023.833,5110.033,5958.635,16.8
1992,Thailand,9.2,305.298,57.811,5280.969,4
1992,Indonesia,6.5,562.651,185.378,3035.156,7.5
1992,Malaysia,8.9,143.956,19.068,7549.815,4.8
1992,Philippines,0.4,160.748,63.82,2518.775,8.6
1992,Vietnam,8.7,101.915,70.002,1455.904,37.7
1992,World,2.2,33067.741,5257.246,6297.17,39.3
1993,Thailand,8.7,339.649,58.338,5822.111,3.4
1993,Indonesia,8,621.811,188.452,3299.565,9.7
1993,Malaysia,9.9,161.951,19.602,8262.177,3.5
1993,Philippines,2.2,168.149,65.32,2574.227,6.8
1993,Vietnam,8.1,112.759,71.223,1583.18,8.4
1993,World,1.9,34478.305,5347.619,6463.653,39.8
1994,Thailand,8,374.644,58.875,6363.349,5.1
1994,Indonesia,7.5,682.975,191.578,3565.002,8.5
1994,Malaysia,9.2,180.646,20.142,8968.744,3.7
1994,Philippines,4.4,179.251,66.84,2681.785,12.5
1994,Vietnam,8.8,125.34,72.43,1730.507,10.4
1994,World,3.1,36214.812,5431.272,6683.926,30.7
1995,Thailand,8.1,413.558,59.467,6954.381,5.8
1995,Indonesia,8.2,754.611,194.755,3874.674,9.4
1995,Malaysia,9.8,202.562,20.682,9794.221,3.5
1995,Philippines,4.6,191.473,68.41,2798.902,6.9
1995,Vietnam,9.5,140.177,73.627,1903.867,16.9
1995,World,3.3,38313.247,5524.238,6952.483,16.2
1996,Thailand,5.7,444.932,60.13,7399.476,5.8
1996,Indonesia,7.8,828.503,197.004,4205.51,8
1996,Malaysia,10,226.902,21.223,10691.533,3.5
1996,Philippines,5.9,206.405,71.9,2870.724,8.3
1996,Vietnam,9.3,156.075,74.815,2086.155,5.6
1996,World,3.9,40490.76,5611.549,7233.663,9.5
1997,Thailand,-2.8,440.141,60.847,7233.626,5.6
1997,Indonesia,4.7,882.4,199.28,4427.95,6.2
1997,Malaysia,7.3,247.727,21.769,11379.672,2.7
1997,Philippines,5.2,220.854,73.53,3003.588,5.6
1997,Vietnam,8.2,171.709,75.991,2259.592,3.1
1997,World,4,42873.882,5691.682,7542.134,6.6
1998,Thailand,-7.6,411.11,61.585,6675.484,8
1998,Indonesia,-13.1,775.186,201.581,3845.525,58.4
1998,Malaysia,-7.4,232.077,22.334,10391.437,5.3
1998,Philippines,-0.5,222.188,75.36,2948.356,9.4
1998,Vietnam,5.8,183.649,77.167,2379.903,7.2
1998,World,2.6,44493.152,5814.521,7645.774,6.3
1999,Thailand,4.6,435.991,62.299,6998.41,0.2
1999,Indonesia,0.8,792.374,203.909,3885.913,20.5
1999,Malaysia,6.1,249.791,22.91,10903.39,2.7
1999,Philippines,3.3,232.873,76.99,3024.713,6.2
1999,Vietnam,4.8,195.138,78.333,2491.143,4.1
1999,World,3.6,46689.242,5900.942,7916.856,6.2
2000,Thailand,4.5,465.732,63.008,7391.647,1.7
2000,Indonesia,5,850.667,206.265,4124.152,3.7
2000,Malaysia,8.7,277.599,23.495,11815.27,1.6
2000,Philippines,4.4,248.585,76.95,3230.47,6.5
2000,Vietnam,6.8,213.103,79.395,2684.087,-1.8
2000,World,4.8,50197.239,5979.987,8366.806,5
2001,Thailand,3.4,492.62,63.651,7739.377,1.6
2001,Indonesia,3.6,901.512,209.206,4309.204,11.5
2001,Malaysia,0.5,285.318,24.123,11827.447,1.4
2001,Philippines,3,261.932,78.61,3332.049,5.4
2001,Vietnam,6.9,232.925,80.469,2894.591,-0.3
2001,World,2.5,52578.136,6079.124,8649.457,4.7
2002,Thailand,6.1,531.038,64.266,8263.064,0.7
2002,Indonesia,4.5,956.715,212.19,4508.776,11.9
2002,Malaysia,5.4,305.373,24.727,12349.735,1.8
2002,Philippines,3.7,275.888,80.27,3437.004,2.8
2002,Vietnam,7.1,253.293,81.534,3106.582,4.1
2002,World,2.8,54868.994,6158.8,8883.135,3.8
2003,Thailand,7.2,580.453,64.868,8948.194,1.8
2003,Indonesia,4.8,1022.241,215.216,4749.843,6.8
2003,Malaysia,5.8,329.428,25.32,13010.584,1.1
2003,Philippines,5.1,295.646,81.91,3609.402,2.2
2003,Vietnam,7.3,277.256,82.302,3368.774,3.3
2003,World,3.8,57990.92,6264.905,9255.769,3.9
2004,Thailand,6.3,633.549,65.452,9679.589,2.8
2004,Indonesia,5,1102.538,218.285,5050.913,6.1
2004,Malaysia,6.8,361.231,25.905,13944.394,1.4
2004,Philippines,6.6,323.54,83.55,3872.407,4.8
2004,Vietnam,7.8,306.888,83.063,3694.651,7.9
2004,World,5.3,62608.808,6344.755,9867.305,3.8
2005,Thailand,4.2,680.779,66.017,10312.105,4.5
2005,Indonesia,5.7,1201.842,221.398,5428.429,10.5
2005,Malaysia,5,391.097,26.477,14771.244,3
2005,Philippines,4.9,350.178,85.17,4111.514,6.6
2005,Vietnam,7.5,340.4,83.833,4060.464,8.4
2005,World,4.7,67555.632,6424.531,10514.726,4
2006,Thailand,5,736.636,66.568,11065.965,4.7
2006,Indonesia,5.5,1307.057,224.555,5820.651,13.1
2006,Malaysia,5.6,425.672,26.832,15864.622,3.6
2006,Philippines,5.3,380.168,86.79,4380.317,5.4
2006,Vietnam,7,375.383,84.618,4436.226,7.5
2006,World,5.3,73243.606,6504.712,11259.511,3.9
2007,Thailand,5.4,797.715,67.102,11888.028,2.2
2007,Indonesia,6.3,1427.649,227.758,6268.284,6.3
2007,Malaysia,6.3,464.744,27.1,17149.223,2
2007,Philippines,6.5,415.923,88.39,4705.546,2.9
2007,Vietnam,7.1,413.041,85.42,4835.432,8.3
2007,World,5.4,79155.442,6586.233,12017.728,4.2
2008,Thailand,1.7,827.114,67.62,12231.823,5.5
2008,Indonesia,7.4,1563.44,231.006,6767.976,9.9
2008,Malaysia,4.8,496.587,27.6,17992.269,5.4
2008,Philippines,4.3,442.353,89.98,4916.131,8.2
2008,Vietnam,5.7,444.833,86.243,5157.883,23.1
2008,World,2.9,82947.65,6668.887,12437.444,6.3
2009,Thailand,-0.7,826.467,68.121,12132.331,-0.9
2009,Indonesia,4.7,1647.046,234.3,7029.645,4.8
2009,Malaysia,-1.5,492.086,28.082,17523.167,0.6
2009,Philippines,1.4,451.528,91.56,4931.497,4.2
2009,Vietnam,5.4,471.737,87.092,5416.516,6.7
2009,World,-0.4,82910.676,6751.225,12280.306,2.6
2010,Thailand,7.5,899.363,68.579,13114.171,3.3
2010,Indonesia,6.4,1773.382,237.641,7462.433,5.1
2010,Malaysia,7.5,535.561,28.589,18733.363,1.7
2010,Philippines,7.3,490.535,93.14,5266.646,3.7
2010,Vietnam,6.4,508.139,87.968,5776.431,10.5
2010,World,5.3,88231.333,6834.32,12910.039,3.6
2011,Thailand,0.8,925.63,69.007,13413.532,3.8
2011,Indonesia,6.2,1921.643,241.991,7940.979,5.3
2011,Malaysia,5.3,575.545,29.062,19804.053,3.2
2011,Philippines,3.9,519.973,94.7,5490.738,4.7
2011,Vietnam,6.4,551.883,87.86,6281.367,18.7
2011,World,4.1,93492.645,6900.947,13545.047,4.9
2012,Thailand,7.2,1011.155,69.436,14562.38,3
2012,Indonesia,6,2075.456,245.425,8456.574,4
2012,Malaysia,5.5,618.352,29.51,20953.965,1.7
2012,Philippines,6.9,566.184,96.25,5882.436,3.2
2012,Vietnam,5.5,593.103,88.809,6678.394,9.1
2012,World,3.4,98306.082,7002.231,14039.251,4
2013,Thailand,2.7,1056.002,69.845,15119.196,2.2
2013,Indonesia,5.6,2228.082,248.818,8954.663,6.4
2013,Malaysia,4.7,658.393,30.214,21791.221,2.1
2013,Philippines,6.8,614.692,97.79,6285.836,2.6
2013,Vietnam,5.6,636.697,89.76,7093.364,6.6
2013,World,3.4,103274.357,7090.432,14565.312,3.6
2014,Thailand,1,1084.972,70.216,15451.833,1.9
2014,Indonesia,5,2380.385,252.165,9439.798,6.4
2014,Malaysia,6,710.097,30.709,23123.793,3.1
2014,Philippines,6.3,665.098,99.31,6697.194,3.6
2014,Vietnam,6.4,689.389,90.729,7598.336,4.1
2014,World,3.6,108756.723,7192.264,15121.348,3.2
2015,Thailand,3.1,1129.36,70.541,16010.024,-0.9
2015,Indonesia,4.9,2519.629,255.182,9873.843,6.4
2015,Malaysia,5,752.573,31.186,24131.68,2.1
2015,Philippines,6.3,713.885,100.83,7080.086,0.7
2015,Vietnam,7,744.402,91.713,8116.622,0.6
2015,World,3.4,113431.333,7278.352,15584.756,2.7
2016,Thailand,3.4,1179.255,70.86,16642.08,0.2
2016,Indonesia,5,2671.59,258.497,10335.112,3.5
2016,Malaysia,4.4,793.531,31.634,25085.134,2.1
2016,Philippines,7.1,772.192,102.53,7531.381,1.2
2016,Vietnam,6.7,801.749,92.695,8649.319,2.7
2016,World,3.2,118087.305,7367.555,16028.017,2.7
2017,Thailand,4.2,1250.522,71.16,17573.34,0.7
2017,Indonesia,5.1,2857.305,261.356,10932.638,3.8
2017,Malaysia,5.8,854.694,32.023,26690.326,3.8
2017,Philippines,6.9,840.501,104.17,8068.549,2.9
2017,Vietnam,6.9,872.747,93.672,9317.097,3.5
2017,World,3.8,124734.508,7454.427,16732.943,3.3
2018,Thailand,4.2,1347.311,71.376,18876.221,1.1
2018,Indonesia,5.2,3069.919,264.162,11621.366,3.3
2018,Malaysia,4.8,914.713,32.382,28247.32,1
2018,Philippines,6.3,914.883,105.76,8650.556,5.3
2018,Vietnam,7.5,963.333,94.666,10176.123,3.5
2018,World,3.6,132684.714,7533.18,17613.374,3.6
2019,Thailand,2.1,1427.827,71.522,19963.392,0.7
2019,Indonesia,5,3266.186,266.912,12236.943,2.8
2019,Malaysia,4.4,967.568,32.523,29750.263,0.7
2019,Philippines,6.1,988.832,107.29,9216.444,2.4
2019,Vietnam,7.4,1071.756,96.484,11108.123,2.8
2019,World,3,140573.502,7613.391,18463.981,3.6
2020,Thailand,-6.1,1372.406,71.641,19156.582,-0.8
2020,Indonesia,-2.1,3223.405,270.204,11929.526,2
2020,Malaysia,-5.5,931.107,32.447,28696.233,-1.1
2020,Philippines,-9.5,923.367,109.2,8455.74,2.4
2020,Vietnam,2.9,1138.632,97.583,11668.385,3.2
2020,World,-2.7,140239.182,7686.528,18244.802,3.3
2021,Thailand,1.6,1451.544,71.727,20236.976,1.2
2021,Indonesia,3.7,3530.623,272.679,12947.903,1.6
2021,Malaysia,3.3,1022.399,32.576,31385.032,2.5
2021,Philippines,5.7,1001.825,110.08,9100.877,3.9
2021,Vietnam,2.6,1192.059,98.506,12101.363,1.8
2021,World,6.7,157084.796,7750.195,20268.496,4.7
2022,Thailand,2.7,1596.526,71.735,22255.788,6.1
2022,Indonesia,5.3,3982.44,275.72,14443.788,4.1
2022,Malaysia,9,1194.024,32.652,36568.175,3.4
2022,Philippines,7.6,1154.428,110.94,10405.881,5.8
2022,Vietnam,8.5,1385.854,99.462,13933.544,3.2
2022,World,3.8,174414.827,7813.917,22321.049,8.7
2023,Thailand,2.2,1692.686,71.702,23607.092,1.2
2023,Indonesia,5,4338.298,278.696,15566.405,3.7
2023,Malaysia,3.5,1281.999,33.059,38778.951,2.5
2023,Philippines,5.5,1263.212,111.91,11287.754,6
2023,Vietnam,5.1,1509.922,100.309,15052.708,3.3
2023,World,3.3,186756.631,7887.794,23676.662,6.7
2024,Thailand,2.9,1785.79,71.668,24917.534,0.4
2024,Indonesia,5,4669.746,281.604,16582.681,2.3
2024,Malaysia,5.1,1380.902,33.46,41269.791,1.8
2024,Philippines,5.7,1368.259,112.885,12120.826,3.2
2024,Vietnam,7,1654.976,101.3,16337.37,3.6
2024,World,3.4,197826.287,7962.742,24843.99,5.8
2025,Thailand,2.4,1880.755,71.62,26260.24,-0.1
2025,Indonesia,5.1,5047.517,284.439,17745.531,1.9
2025,Malaysia,5.2,1493.511,33.852,44118.808,1.4
2025,Philippines,4.4,1469.033,114.086,12876.576,1.7
2025,Vietnam,8,1838.398,102.3,17970.652,3.3
2025,World,3.4,210326.761,8031.129,26188.94,4.1
2026,Thailand,1.5,1963.655,71.56,27440.829,0.9
2026,Indonesia,5,5449.145,287.198,18973.452,3
2026,Malaysia,4.7,1608.504,34.234,46986.034,1.9
2026,Philippines,4.1,1572.561,115.299,13638.967,4.3
2026,Vietnam,7.1,2025.331,103.077,19648.624,4.9
2026,World,3.1,222759.639,8054.991,27654.859,4.4
2027,Thailand,2.1,2048.928,71.488,28661.088,1
2027,Indonesia,5.1,5851.128,289.88,20184.649,2.6
2027,Malaysia,4.3,1714.51,34.606,49543.675,2
2027,Philippines,5.8,1699.893,116.525,14588.171,3.2
2027,Vietnam,6.7,2208.482,103.756,21285.389,4.6
2027,World,3.2,234915.893,8124.536,28914.377,3.7
2028,Thailand,2.3,2130.29,71.407,29833.077,1.2
2028,Indonesia,5.2,6254.603,292.481,21384.652,2.5
2028,Malaysia,4.3,1817.586,34.968,51978.232,2
2028,Philippines,6.1,1832.805,117.765,15563.259,3
2028,Vietnam,6.2,2383.905,104.385,22837.619,3.7
2028,World,3.2,246434.305,8194.056,30074.764,3.4
2029,Thailand,2.5,2221.427,71.316,31148.985,1.4
2029,Indonesia,5.2,6695.867,294.998,22697.977,2.5
2029,Malaysia,4.3,1929.45,35.319,54628.79,2
2029,Philippines,6.1,1978.359,119.017,16622.432,3
2029,Vietnam,5.6,2562.166,105.004,24400.617,3.6
2029,World,3.2,258665.813,8262.854,31304.657,3.2
2030,Thailand,2.5,2318.733,71.215,32559.606,1.5
2030,Indonesia,5.2,7175.058,297.431,24123.465,2.5
2030,Malaysia,4.3,2049.395,35.659,57472.584,2
2030,Philippines,6,2135.729,120.283,17755.815,3
2030,Vietnam,5.4,2749.885,105.574,26047.066,3.6
2030,World,3.1,271438.937,8332.628,32575.431,3.2
2031,Thailand,2.5,2419.608,71.104,34029.134,1.8
2031,Indonesia,5.2,7686.731,299.78,25641.236,2.5
2031,Malaysia,4.3,2176.108,35.986,60471.179,2
2031,Philippines,6,2304.874,121.563,18960.376,3
2031,Vietnam,5.4,2950.423,106.051,27820.919,3.6
2031,World,3.1,284744.957,8403.816,33882.818,3.2
