"Year","Country","gdp_growth","gdp_ppp_billions","population_millions","gdp_per_capita_ppp","inflation_rate","co2","co2_per_capita","carbon_intensity","prev_year_co2","co2_growth_yoy","decoupling_status"
1980,Indonesia,9.9,163.519,147.49,1108.676,18.0,94.85385132,0.636814415,0.5800784699025802,,,No Decoupling
1981,Indonesia,7.6,192.601,150.406,1280.542,12.2,100.2723007,0.657587826,0.5206219111011885,94.85385132,5.71241895252124,Relative Decoupling
1982,Indonesia,2.2,209.096,153.379,1363.269,9.5,105.5545883,0.676405847,0.5048140007460689,100.2723007,5.26794295445941,Relative Decoupling
1983,Indonesia,4.2,226.395,156.41,1447.441,11.8,105.1491013,0.65861696,0.4644497506570375,105.5545883,-0.3841490990875362,Absolute Decoupling
1984,Indonesia,7.6,252.333,159.502,1582.002,10.5,112.4197311,0.688630641,0.44552131944692136,105.1491013,6.914590529172701,Relative Decoupling
1985,Indonesia,3.9,270.479,162.655,1662.898,4.7,121.5480042,0.728809178,0.44938055893433504,112.4197311,8.119814031471195,Relative Decoupling
1986,Indonesia,7.2,295.759,165.87,1783.078,5.8,122.1089096,0.717548788,0.4128662512383393,121.5480042,0.46146821059856613,Relative Decoupling
1987,Indonesia,6.6,323.008,169.149,1909.607,9.3,123.8127136,0.713572025,0.38331160095106004,122.1089096,1.3953150557000722,Relative Decoupling
1988,Indonesia,7.0,357.737,172.492,2073.928,8.1,132.6492462,0.750044942,0.37080102477518395,123.8127136,7.13701553182015,Relative Decoupling
1989,Indonesia,9.1,405.538,175.902,2305.48,6.4,131.5860596,0.730215669,0.32447282276876643,132.6492462,-0.8015021799648905,Absolute Decoupling
1990,Indonesia,9.0,458.588,179.379,2556.535,7.8,154.9906921,0.844630837,0.3379737195478294,131.5860596,17.786559283822488,Relative Decoupling
1991,Indonesia,8.9,516.429,182.354,2832.017,9.4,174.7542267,0.935624123,0.3383896463986337,154.9906921,12.75143321977592,Relative Decoupling
1992,Indonesia,6.5,562.651,185.378,3035.156,7.5,199.2980194,1.048695445,0.35421250366568263,174.7542267,14.044749110494609,Relative Decoupling
1993,Indonesia,8.0,621.811,188.452,3299.565,9.7,214.9628448,1.112038851,0.34570447418910244,199.2980194,7.860000539473506,Relative Decoupling
1994,Indonesia,7.5,682.975,191.578,3565.002,8.5,219.1999512,1.115000367,0.32094871876715836,214.9628448,1.9710877960989786,Relative Decoupling
1995,Indonesia,8.2,754.611,194.755,3874.674,9.4,222.225296,1.111748695,0.29448987094012674,219.1999512,1.3801758547106828,Relative Decoupling
1996,Indonesia,7.8,828.503,197.004,4205.51,8.0,252.8557434,1.244342208,0.3051959297673032,222.225296,13.78351067648033,Relative Decoupling
1997,Indonesia,4.7,882.4,199.28,4427.95,6.2,279.6956177,1.354221463,0.316971461582049,252.8557434,10.61469830152967,Relative Decoupling
1998,Indonesia,-13.1,775.186,201.581,3845.525,58.4,244.3153229,1.164366722,0.31516993715056774,279.6956177,-12.649570662186315,No Decoupling
1999,Indonesia,0.8,792.374,203.909,3885.913,20.5,291.7706604,1.369785309,0.3682234152054459,244.3153229,19.42380728998475,Relative Decoupling
2000,Indonesia,5.0,850.667,206.265,4124.152,3.7,281.0544434,1.300709486,0.33039302500273315,291.7706604,-3.672821998383485,Absolute Decoupling
2001,Indonesia,3.6,901.512,209.206,4309.204,11.5,316.7593689,1.445743442,0.3513645618693928,281.0544434,12.70391781324173,Relative Decoupling
2002,Indonesia,4.5,956.715,212.19,4508.776,11.9,308.2013245,1.38774097,0.3221453876023685,316.7593689,-2.701749416195414,Absolute Decoupling
2003,Indonesia,4.8,1022.241,215.216,4749.843,6.8,339.0238953,1.506451488,0.33164771839517293,308.2013245,10.000791154938723,Relative Decoupling
2004,Indonesia,5.0,1102.538,218.285,5050.913,6.1,342.7086182,1.503591657,0.31083610560361635,339.0238953,1.0868622982280969,Relative Decoupling
2005,Indonesia,5.7,1201.842,221.398,5428.429,10.5,347.3612671,1.504564524,0.28902407063490876,342.7086182,1.3576107086063443,Relative Decoupling
2006,Indonesia,5.5,1307.057,224.555,5820.651,13.1,346.3657532,1.480501413,0.26499667053540893,347.3612671,-0.2865932371537139,Absolute Decoupling
2007,Indonesia,6.3,1427.649,227.758,6268.284,6.3,387.57724,1.634917021,0.27147936222418817,346.3657532,11.898256804910945,Relative Decoupling
2008,Indonesia,7.4,1563.44,231.006,6767.976,9.9,365.3840332,1.521432519,0.23370518420917974,387.57724,-5.726137788689563,Absolute Decoupling
2009,Indonesia,4.7,1647.046,234.3,7029.645,4.8,398.6244202,1.638945699,0.24202385373571836,365.3840332,9.09738356897638,Relative Decoupling
2010,Indonesia,6.4,1773.382,237.641,7462.433,5.1,445.3700867,1.80820322,0.2511416528982475,398.6244202,11.726744306469367,Relative Decoupling
2011,Indonesia,6.2,1921.643,241.991,7940.979,5.3,500.4576721,2.00608325,0.2604321781413093,445.3700867,12.368945972140887,Relative Decoupling
2012,Indonesia,6.0,2075.456,245.425,8456.574,4.0,515.7695923,2.041047096,0.24850904683115418,500.4576721,3.0595834680181286,Relative Decoupling
2013,Indonesia,5.6,2228.082,248.818,8954.663,6.4,493.4351196,1.928592443,0.2214618311175262,515.7695923,-4.330319784926179,Absolute Decoupling
2014,Indonesia,5.0,2380.385,252.165,9439.798,6.4,498.0288086,1.92380178,0.2092219572044018,493.4351196,0.9309610965112958,Relative Decoupling
2015,Indonesia,4.9,2519.629,255.182,9873.843,6.4,551.1600342,2.105277538,0.21874650363208237,498.0288086,10.668303656841921,Relative Decoupling
2016,Indonesia,5.0,2671.59,258.497,10335.112,3.5,547.9688721,2.070718527,0.20510964335844944,551.1600342,-0.5789901121245054,Absolute Decoupling
2017,Indonesia,5.1,2857.305,261.356,10932.638,3.8,570.9281616,2.13553524,0.19981351714290213,547.9688721,4.189889365797783,Relative Decoupling
2018,Indonesia,5.2,3069.919,264.162,11621.366,3.3,607.3783569,2.249950886,0.19784833309934236,570.9281616,6.384375084572816,Relative Decoupling
2019,Indonesia,5.0,3266.186,266.912,12236.943,2.8,665.0493164,2.440643072,0.20361648614010344,607.3783569,9.495063306889456,Relative Decoupling
2020,Indonesia,-2.1,3223.405,270.204,11929.526,2.0,623.3040161,2.26808691,0.19336819794596086,665.0493164,-6.27702326287211,No Decoupling
2021,Indonesia,3.7,3530.623,272.679,12947.903,1.6,632.9460449,2.287001371,0.1792731891510365,623.3040161,1.54692229649504,Relative Decoupling
2022,Indonesia,5.3,3982.44,275.72,14443.788,4.1,758.0205078,2.718570709,0.19034072272275288,632.9460449,19.760683222179036,Relative Decoupling
2023,Indonesia,5.0,4338.298,278.696,15566.405,3.7,762.3575439,2.711182356,0.17572733452151051,758.0205078,0.5721528712445183,Relative Decoupling
2024,Indonesia,5.0,4669.746,281.604,16582.681,2.3,812.2202148,2.865096331,0.17393241833710013,762.3575439,6.54058863835951,Relative Decoupling
1980,Malaysia,7.4,42.296,13.885,3046.042,6.7,28.03259659,2.159116268,0.6627718127009646,,,No Decoupling
1981,Malaysia,6.9,49.511,14.229,3479.714,9.7,30.87766075,2.304439545,0.6236525368100018,28.03259659,10.149128179638245,Relative Decoupling
1982,Malaysia,5.9,55.694,14.592,3816.79,5.8,30.64193916,2.215166092,0.5501838467339389,30.87766075,-0.7634049480254125,Absolute Decoupling
1983,Malaysia,6.3,61.492,14.955,4111.783,3.7,38.04830551,2.663344145,0.6187521223899044,30.64193916,24.170684209399752,Relative Decoupling
1984,Malaysia,7.8,68.657,15.328,4479.036,3.9,34.79443359,2.357503891,0.5067863959974948,38.04830551,-8.55194962399786,Absolute Decoupling
1985,Malaysia,-0.9,70.208,15.823,4437.077,2.6,36.32976913,2.381926537,0.5174591090758889,34.79443359,4.412589548350241,No Decoupling
1986,Malaysia,1.2,72.447,16.257,4456.368,0.4,40.10188675,2.544467449,0.5535341249465126,36.32976913,10.382993644969513,Relative Decoupling
1987,Malaysia,5.4,78.242,16.681,4690.602,0.7,40.87768555,2.511417866,0.5224519509981851,40.10188675,1.9345693254694658,Relative Decoupling
1988,Malaysia,9.9,89.051,17.094,5209.387,0.3,42.86920547,2.552253008,0.48140060718015515,40.87768555,4.871899896494983,Relative Decoupling
1989,Malaysia,9.1,100.928,17.508,5764.603,2.6,50.08386612,2.892512798,0.496233613268865,42.86920547,16.82947134406036,Relative Decoupling
1990,Malaysia,9.0,114.136,18.267,6248.062,3.0,54.2693634,3.043168306,0.47547980829887154,50.08386612,8.356977214921123,Relative Decoupling
1991,Malaysia,9.5,129.262,18.547,6969.363,4.3,65.78513336,3.586491823,0.5089286361034179,54.2693634,21.21965182292888,Relative Decoupling
1992,Malaysia,8.9,143.956,19.068,7549.815,4.8,72.96101379,3.873782158,0.5068285711606324,65.78513336,10.908057890117792,Relative Decoupling
1993,Malaysia,9.9,161.951,19.602,8262.177,3.5,86.61238098,4.482423782,0.5348060893727115,72.96101379,18.710495483645612,Relative Decoupling
1994,Malaysia,9.2,180.646,20.142,8968.744,3.7,87.49742889,4.414503574,0.48435851826223664,86.61238098,1.0218491859776573,Relative Decoupling
1995,Malaysia,9.8,202.562,20.682,9794.221,3.5,109.5952072,5.39065218,0.5410452463936968,87.49742889,25.25534588882708,Relative Decoupling
1996,Malaysia,10.0,226.902,21.223,10691.533,3.5,110.1084747,5.28096056,0.4852688592431975,109.5952072,0.46833024282105445,Relative Decoupling
1997,Malaysia,7.3,247.727,21.769,11379.672,2.7,118.471344,5.542460442,0.47823347475244926,110.1084747,7.595118652569982,Relative Decoupling
1998,Malaysia,-7.4,232.077,22.334,10391.437,5.3,109.7816849,5.011326313,0.4730399173550158,118.471344,-7.3348193804571,No Decoupling
1999,Malaysia,6.1,249.791,22.91,10903.39,2.7,103.9865494,4.634904861,0.41629421956755847,109.7816849,-5.278781706874678,Absolute Decoupling
2000,Malaysia,8.7,277.599,23.495,11815.27,1.6,122.8813858,5.350155354,0.44265788349381663,103.9865494,18.170461957842406,Relative Decoupling
2001,Malaysia,0.5,285.318,24.123,11827.447,1.4,130.8900452,5.56350708,0.45875144645623483,122.8813858,6.517390203455858,Relative Decoupling
2002,Malaysia,5.4,305.373,24.727,12349.735,1.8,132.0352325,5.478077412,0.4323736299541872,130.8900452,0.8749231450338008,Relative Decoupling
2003,Malaysia,5.8,329.428,25.32,13010.584,1.1,153.3843384,6.215023994,0.46560807945894095,132.0352325,16.169249294880427,Relative Decoupling
2004,Malaysia,6.8,361.231,25.905,13944.394,1.4,169.6743927,6.717976093,0.46971160476260343,153.3843384,10.620415662985321,Relative Decoupling
2005,Malaysia,5.0,391.097,26.477,14771.244,3.0,169.9783173,6.579107761,0.4346193330554824,169.6743927,0.1791222559654918,Relative Decoupling
2006,Malaysia,5.6,425.672,26.832,15864.622,3.6,170.1664429,6.441329002,0.39975953997444036,169.9783173,0.11067623387986465,Relative Decoupling
2007,Malaysia,6.3,464.744,27.1,17149.223,2.0,175.4544525,6.498702049,0.3775292472845265,170.1664429,3.107551353769298,Relative Decoupling
2008,Malaysia,4.8,496.587,27.6,17992.269,5.4,192.8470612,6.994801998,0.388344965131991,175.4544525,9.912891039342538,Relative Decoupling
2009,Malaysia,-1.5,492.086,28.082,17523.167,0.6,192.1227417,6.831084251,0.3904251323955569,192.8470612,-0.37559270828027896,No Decoupling
2010,Malaysia,7.5,535.561,28.589,18733.363,1.7,199.346405,6.956587791,0.3722197938236727,192.1227417,3.759920994298406,Relative Decoupling
2011,Malaysia,5.3,575.545,29.062,19804.053,3.2,203.452774,6.976631641,0.35349585870783345,199.346405,2.059916254822855,Relative Decoupling
2012,Malaysia,5.5,618.352,29.51,20953.965,1.7,212.9936371,7.18048811,0.3444537045242839,203.452774,4.689473096100422,Relative Decoupling
2013,Malaysia,4.7,658.393,30.214,21791.221,2.1,241.6710815,8.009178162,0.3670620457690164,212.9936371,13.463991126897385,Relative Decoupling
2014,Malaysia,6.0,710.097,30.709,23123.793,3.1,245.0533752,7.983200073,0.34509845161999,241.6710815,1.3995442396362971,Relative Decoupling
2015,Malaysia,5.0,752.573,31.186,24131.68,2.1,235.9417572,7.554295063,0.313513449459388,245.0533752,-3.718217711779549,Absolute Decoupling
2016,Malaysia,4.4,793.531,31.634,25085.134,2.1,237.2938843,7.464491367,0.2990354306258987,235.9417572,0.5730766423231461,Relative Decoupling
2017,Malaysia,5.8,854.694,32.023,26690.326,3.8,244.4570923,7.555315495,0.2860170918480766,237.2938843,3.0187073809891682,Relative Decoupling
2018,Malaysia,4.8,914.713,32.382,28247.32,1.0,262.6470642,7.980534554,0.2871360352372821,244.4570923,7.440967136137367,Relative Decoupling
2019,Malaysia,4.4,967.568,32.523,29750.263,0.7,277.6728821,8.303468704,0.28698022474906154,262.6470642,5.72091599263343,Relative Decoupling
2020,Malaysia,-5.5,931.107,32.447,28696.233,-1.1,262.1588135,7.735682011,0.2815560547821035,277.6728821,-5.587174549660488,No Decoupling
2021,Malaysia,3.3,1022.399,32.576,31385.032,2.5,273.3321533,7.972957611,0.26734391690523956,262.1588135,4.262050034034049,Relative Decoupling
2022,Malaysia,9.0,1194.024,32.652,36568.175,3.4,281.8838196,8.124507904,0.23607885570139295,273.3321533,3.1286719095261177,Relative Decoupling
2023,Malaysia,3.5,1281.999,33.059,38778.951,2.5,276.2967529,7.865810394,0.21552025617804693,281.8838196,-1.9820459038508005,Absolute Decoupling
2024,Malaysia,5.1,1380.902,33.46,41269.791,1.8,290.2238464,8.162059784,0.21016976324170725,276.2967529,5.040628727562586,Relative Decoupling
1980,Philippines,5.1,85.411,47.88,1783.865,18.2,36.83676147,0.766733766,0.43128825877228927,,,No Decoupling
1981,Philippines,3.4,96.693,49.089,1969.751,13.1,34.49337006,0.699496269,0.356730787750923,36.83676147,-6.361556544291955,Absolute Decoupling
1982,Philippines,3.6,106.384,50.318,2114.246,9.0,34.79524612,0.686354816,0.32707217363513313,34.49337006,0.8751712560265995,Relative Decoupling
1983,Philippines,1.9,112.622,51.586,2183.192,5.3,35.18928146,0.674193561,0.31245477313491143,34.79524612,1.1324401576039058,Relative Decoupling
1984,Philippines,-7.3,108.141,52.864,2045.639,46.7,30.78457069,0.57299006,0.28467066783181216,35.18928146,-12.517194404798735,No Decoupling
1985,Philippines,-7.3,103.409,54.172,1908.902,23.2,27.85537529,0.504507482,0.26937089895463645,30.78457069,-9.515141300805965,No Decoupling
1986,Philippines,3.4,109.096,55.49,1966.042,-0.3,28.96936417,0.511418879,0.26554011301972574,27.85537529,3.999188194028447,Relative Decoupling
1987,Philippines,4.3,116.62,56.877,2050.372,3.0,32.43912506,0.557780623,0.2781609077345224,28.96936417,11.977345687114553,Relative Decoupling
1988,Philippines,6.8,128.885,58.165,2215.83,12.2,37.40907669,0.626208007,0.2902515939791287,32.43912506,15.320855975022393,Relative Decoupling
1989,Philippines,6.2,142.25,59.553,2388.643,11.4,38.83446503,0.633874178,0.27300151163444636,37.40907669,3.8102740460873905,Relative Decoupling
1990,Philippines,3.0,152.056,60.94,2495.169,13.2,40.77404404,0.648703516,0.2681514970800231,38.83446503,4.994478508978196,Relative Decoupling
1991,Philippines,-0.4,156.513,62.36,2509.827,19.4,42.8744545,0.665935993,0.273935420699878,40.77404404,5.151342010469852,No Decoupling
1992,Philippines,0.4,160.748,63.82,2518.775,8.6,47.77173996,0.724625289,0.2971840393659641,42.8744545,11.422385467318305,Relative Decoupling
1993,Philippines,2.2,168.149,65.32,2574.227,6.8,48.34199524,0.715852976,0.28749499099013376,47.77173996,1.1937084152209827,Relative Decoupling
1994,Philippines,4.4,179.251,66.84,2681.785,12.5,53.47867584,0.7748366,0.29834520220249816,48.34199524,10.625710781067873,Relative Decoupling
1995,Philippines,4.6,191.473,68.41,2798.902,6.9,59.21992111,0.839448214,0.3092860147905971,53.47867584,10.73557858309156,Relative Decoupling
1996,Philippines,5.9,206.405,71.9,2870.724,8.3,60.43671417,0.837186813,0.2928064444659771,59.21992111,2.054702264361055,Relative Decoupling
1997,Philippines,5.2,220.854,73.53,3003.588,5.6,69.14707947,0.935572863,0.31308954997419103,60.43671417,14.412374033934002,Relative Decoupling
1998,Philippines,-0.5,222.188,75.36,2948.356,9.4,67.37867737,0.889005959,0.3032507487803122,69.14707947,-2.557450167894978,No Decoupling
1999,Philippines,3.3,232.873,76.99,3024.713,6.2,67.2950058,0.86549443,0.28897727860250005,67.37867737,-0.12418108111641464,Absolute Decoupling
2000,Philippines,4.4,248.585,76.95,3230.47,6.5,71.46669006,0.897536278,0.2874939761449806,67.2950058,6.19909933940448,Relative Decoupling
2001,Philippines,3.0,261.932,78.61,3332.049,5.4,69.79888916,0.857464492,0.2664771358978666,71.46669006,-2.333675868575692,Absolute Decoupling
2002,Philippines,3.7,275.888,80.27,3437.004,2.8,69.49170685,0.836555123,0.2518837602577858,69.79888916,-0.44009627330292855,Absolute Decoupling
2003,Philippines,5.1,295.646,81.91,3609.402,2.2,69.50071716,0.820243299,0.2350808641415747,69.49170685,0.012966022002370254,Relative Decoupling
2004,Philippines,6.6,323.54,83.55,3872.407,4.8,71.99871063,0.833371401,0.22253418628299437,69.50071716,3.594198120645712,Relative Decoupling
2005,Philippines,4.9,350.178,85.17,4111.514,6.6,72.33394623,0.82182759,0.20656336557407945,71.99871063,0.46561333816484496,Relative Decoupling
2006,Philippines,5.3,380.168,86.79,4380.317,5.4,65.64551544,0.733395755,0.17267501588771278,72.33394623,-9.246600162989612,Absolute Decoupling
2007,Philippines,6.5,415.923,88.39,4705.546,2.9,70.00995636,0.76870513,0.1683243205112485,65.64551544,6.648498211563449,Relative Decoupling
2008,Philippines,4.3,442.353,89.98,4916.131,8.2,76.60501862,0.82638371,0.17317621587284363,70.00995636,9.420177647429677,Relative Decoupling
2009,Philippines,1.4,451.528,91.56,4931.497,4.2,75.58070374,0.800776601,0.16738874165057316,76.60501862,-1.3371380863192739,Absolute Decoupling
2010,Philippines,7.3,490.535,93.14,5266.646,3.7,82.24588776,0.853729904,0.16766568697442588,75.58070374,8.818631859963148,Relative Decoupling
2011,Philippines,3.9,519.973,94.7,5490.738,4.7,82.98028564,0.844595015,0.15958575856823337,82.24588776,0.8929296041438984,Relative Decoupling
2012,Philippines,6.9,566.184,96.25,5882.436,3.2,87.47627258,0.8732301,0.15450149170587654,82.98028564,5.41813866429105,Relative Decoupling
2013,Philippines,6.8,614.692,97.79,6285.836,2.6,94.82543182,0.928965867,0.1542649519108757,87.47627258,8.401317320967182,Relative Decoupling
2014,Philippines,6.3,665.098,99.31,6697.194,3.6,100.0738144,0.964407682,0.15046476519249796,94.82543182,5.534783738145911,Relative Decoupling
2015,Philippines,6.3,713.885,100.83,7080.086,0.7,111.0462952,1.054440618,0.15555207799575563,100.0738144,10.964387503150872,Relative Decoupling
2016,Philippines,7.1,772.192,102.53,7531.381,1.2,120.2156219,1.126292348,0.15568099889664747,111.0462952,8.257210817781518,Relative Decoupling
2017,Philippines,6.9,840.501,104.17,8068.549,2.9,133.5756073,1.235442042,0.15892379342796736,120.2156219,11.113352149118649,Relative Decoupling
2018,Philippines,6.3,914.883,105.76,8650.556,5.3,139.8567657,1.277635813,0.1528684713783074,133.5756073,4.70232441907828,Relative Decoupling
2019,Philippines,6.1,988.832,107.29,9216.444,2.4,142.6012115,1.286960125,0.1442117685309537,139.8567657,1.9623260885976528,Relative Decoupling
2020,Philippines,-9.5,923.367,109.2,8455.74,2.4,131.4574127,1.172875881,0.1423674581179531,142.6012115,-7.81465927447609,No Decoupling
2021,Philippines,5.7,1001.825,110.08,9100.877,3.9,140.2695007,1.240215063,0.14001397519526865,131.4574127,6.703378545955528,Relative Decoupling
2022,Philippines,7.6,1154.428,110.94,10405.881,5.8,150.963028,1.324651361,0.13076868197930056,140.2695007,7.6235583976809576,Relative Decoupling
2023,Philippines,5.5,1263.212,111.91,11287.754,6.0,160.9804688,1.40115571,0.12743741256416186,150.963028,6.635691488647143,Relative Decoupling
2024,Philippines,5.7,1368.259,112.885,12120.826,3.2,174.878006,1.5096035,0.12781060164778743,160.9804688,8.633057975042986,Relative Decoupling
1980,Thailand,4.6,75.722,47.374,1598.364,19.7,39.75050735,0.870766282,0.5249532150497874,,,No Decoupling
1981,Thailand,5.9,87.784,48.326,1816.495,12.7,37.54053116,0.806008518,0.42764662307482,39.75050735,-5.559617568000673,Absolute Decoupling
1982,Thailand,5.4,98.198,49.256,1993.635,5.3,37.35703659,0.786553741,0.38042563585816414,37.54053116,-0.4887905533833171,Absolute Decoupling
1983,Thailand,5.6,107.739,50.174,2147.307,3.9,41.78458786,0.862902343,0.38783159171701986,37.35703659,11.851987400909634,Relative Decoupling
1984,Thailand,5.8,118.057,51.095,2310.547,0.9,45.15464783,0.914956093,0.38248174890095465,41.78458786,8.065318201274223,Relative Decoupling
1985,Thailand,4.6,127.445,52.027,2449.596,2.3,47.86516953,0.952147424,0.37557510714425835,45.15464783,6.002752385988437,Relative Decoupling
1986,Thailand,5.5,137.205,52.98,2589.753,1.8,48.96982956,0.956856251,0.3569099490543347,47.86516953,2.307857761388771,Relative Decoupling
1987,Thailand,9.5,153.99,53.946,2854.52,2.6,53.81438828,1.033419251,0.34946677238781737,48.96982956,9.892945847532989,Relative Decoupling
1988,Thailand,13.3,180.604,54.892,3290.2,3.8,60.73153687,1.146535754,0.33626905755132774,53.81438828,12.853715913315956,Relative Decoupling
1989,Thailand,12.2,210.572,55.772,3775.574,5.5,71.69589233,1.331425905,0.34048160405941913,60.73153687,18.053808655410712,Relative Decoupling
1990,Thailand,11.6,243.843,56.558,4311.361,5.8,86.56326294,1.581401229,0.35499589055252767,71.69589233,20.736711862890058,Relative Decoupling
1991,Thailand,8.4,273.273,57.232,4774.786,5.8,95.04482269,1.708289027,0.34780173193107256,86.56326294,9.798105410928034,Relative Decoupling
1992,Thailand,9.2,305.298,57.811,5280.969,4.0,105.5134506,1.866542101,0.3456080635968791,95.04482269,11.014411531014867,Relative Decoupling
1993,Thailand,8.7,339.649,58.338,5822.111,3.4,121.8550568,2.122607231,0.35876760067010355,105.5134506,15.487699536953633,Relative Decoupling
1994,Thailand,8.0,374.644,58.875,6363.349,5.1,136.8700256,2.349262238,0.36533355825797287,121.8550568,12.321990727593663,Relative Decoupling
1995,Thailand,8.1,413.558,59.467,6954.381,5.8,153.6500244,2.599909067,0.37153198438913043,136.8700256,12.259805407678696,Relative Decoupling
1996,Thailand,5.7,444.932,60.13,7399.476,5.8,173.5658112,2.896622896,0.39009514083050895,153.6500244,12.961785640953016,Relative Decoupling
1997,Thailand,-2.8,440.141,60.847,7233.626,5.6,181.2027283,2.984009266,0.4116924537818562,173.5658112,4.400012333765405,No Decoupling
1998,Thailand,-7.6,411.11,61.585,6675.484,8.0,159.7040253,2.595858335,0.38847030064946125,181.2027283,-11.864447738560887,No Decoupling
1999,Thailand,4.6,435.991,62.299,6998.41,0.2,167.2347107,2.684386492,0.3835737680364962,159.7040253,4.715401121451872,Relative Decoupling
2000,Thailand,4.5,465.732,63.008,7391.647,1.7,167.3521576,2.65605402,0.35933145585873416,167.2347107,0.07022878175732956,Relative Decoupling
2001,Thailand,3.4,492.62,63.651,7739.377,1.6,172.2668304,2.706421852,0.3496951613819983,167.3521576,2.936725089464879,Relative Decoupling
2002,Thailand,6.1,531.038,64.266,8263.064,0.7,184.6654663,2.873435736,0.3477443540763561,172.2668304,7.1973437203265505,Relative Decoupling
2003,Thailand,7.2,580.453,64.868,8948.194,1.8,191.087738,2.945786238,0.32920449717720474,184.6654663,3.4777870647274405,Relative Decoupling
2004,Thailand,6.3,633.549,65.452,9679.589,2.8,207.3306885,3.167673111,0.3272528068073661,191.087738,8.500257876306016,Relative Decoupling
2005,Thailand,4.2,680.779,66.017,10312.105,4.5,214.3251495,3.246494055,0.3148233854158251,207.3306885,3.373577279178331,Relative Decoupling
2006,Thailand,5.0,736.636,66.568,11065.965,4.7,215.8246613,3.242183685,0.29298685008606695,214.3251495,0.6996434172556093,Relative Decoupling
2007,Thailand,5.4,797.715,67.102,11888.028,2.2,224.0825653,3.339412689,0.28090554308242915,215.8246613,3.8262096417801708,Relative Decoupling
2008,Thailand,1.7,827.114,67.62,12231.823,5.5,224.2487488,3.316316128,0.2711219357911968,224.0825653,0.07416172685166429,Relative Decoupling
2009,Thailand,-0.7,826.467,68.121,12132.331,-0.9,228.8362274,3.359257221,0.27688489364971625,224.2487488,2.045709786363823,No Decoupling
2010,Thailand,7.5,899.363,68.579,13114.171,3.3,241.0189819,3.514449358,0.26798854511470893,228.8362274,5.3237875132003625,Relative Decoupling
2011,Thailand,0.8,925.63,69.007,13413.532,3.8,244.8781586,3.548588037,0.26455296241478776,241.0189819,1.6011920179802261,Relative Decoupling
2012,Thailand,7.2,1011.155,69.436,14562.38,3.0,262.3476563,3.778260946,0.25945345303143436,244.8781586,7.133955024766335,Relative Decoupling
2013,Thailand,2.7,1056.002,69.845,15119.196,2.2,263.7535095,3.776262999,0.24976610792403803,262.3476563,0.5358741220818842,Relative Decoupling
2014,Thailand,1.0,1084.972,70.216,15451.833,1.9,272.4876404,3.880686045,0.25114716361343886,263.7535095,3.311474761627757,Relative Decoupling
2015,Thailand,3.1,1129.36,70.541,16010.024,-0.9,277.0987244,3.928205729,0.24535907452008218,272.4876404,1.6922176702147427,Relative Decoupling
2016,Thailand,3.4,1179.255,70.86,16642.08,0.2,284.0454712,4.008553982,0.24086857482054347,277.0987244,2.506957336249661,Relative Decoupling
2017,Thailand,4.2,1250.522,71.16,17573.34,0.7,283.3476257,3.981828213,0.2265834792990447,284.0454712,-0.24568091054289906,Absolute Decoupling
2018,Thailand,4.2,1347.311,71.376,18876.221,1.1,288.3049011,4.039237022,0.21398541324163464,283.3476257,1.7495383586692306,Relative Decoupling
2019,Thailand,2.1,1427.827,71.522,19963.392,0.7,281.8774414,3.941114664,0.19741708302196276,288.3049011,-2.229396612917999,Absolute Decoupling
2020,Thailand,-6.1,1372.406,71.641,19156.582,-0.8,271.9233093,3.795612335,0.1981361997105813,281.8774414,-3.531368828438635,No Decoupling
2021,Thailand,1.6,1451.544,71.727,20236.976,1.2,267.1418152,3.724407196,0.18403976400302022,271.9233093,-1.7583980249096032,Absolute Decoupling
2022,Thailand,2.7,1596.526,71.735,22255.788,6.1,272.5733643,3.79970932,0.17072904813325931,267.1418152,2.0332081280250223,Relative Decoupling
2023,Thailand,2.2,1692.686,71.702,23607.092,1.2,264.7336731,3.692115545,0.15639857191469653,272.5733643,-2.8761765553040153,Absolute Decoupling
2024,Thailand,2.9,1785.79,71.668,24917.534,0.4,267.7601929,3.736118793,0.14993935059553476,264.7336731,1.1432318996521402,Relative Decoupling
1980,Vietnam,-3.5,31.438,54.18,580.243,25.2,16.7890377,0.319851518,0.5340364431579617,,,No Decoupling
1981,Vietnam,5.8,36.407,55.31,658.233,69.6,17.69535065,0.329288453,0.4860425371494494,16.7890377,5.398242390032873,Relative Decoupling
1982,Vietnam,8.2,41.807,56.4,741.262,95.4,18.34162712,0.333415687,0.4387214370799148,17.69535065,3.652238843879573,Relative Decoupling
1983,Vietnam,7.1,46.526,57.47,809.567,49.5,19.26969147,0.342037708,0.41417038795512184,18.34162712,5.0598801509165305,Relative Decoupling
1984,Vietnam,8.4,52.253,58.57,892.146,64.9,17.49516106,0.303177148,0.3348163944653896,19.26969147,-9.208919679708814,Absolute Decoupling
1985,Vietnam,5.6,56.935,59.71,953.517,91.6,21.09741974,0.357216358,0.3705527310090454,17.49516106,20.590028680764817,Relative Decoupling
1986,Vietnam,3.4,60.031,60.92,985.401,453.5,20.5846653,0.341104805,0.3429005896953241,21.09741974,-2.4304130377983295,Absolute Decoupling
1987,Vietnam,2.5,63.086,62.3,1012.621,360.4,23.2968998,0.378290713,0.3692879529531116,20.5846653,13.175995142364533,Relative Decoupling
1988,Vietnam,5.1,68.642,63.5,1080.975,374.4,23.07253647,0.367144316,0.33612855788001517,23.2968998,-0.9630608876121758,Absolute Decoupling
1989,Vietnam,7.8,76.898,64.774,1187.17,95.8,17.39790916,0.271217883,0.22624657546360116,23.07253647,-24.594726797283066,Absolute Decoupling
1990,Vietnam,5.0,83.802,67.513,1241.276,36.0,21.29864502,0.325147569,0.2541543760292117,17.39790916,22.42071632934079,Relative Decoupling
1991,Vietnam,5.8,91.669,68.766,1333.055,81.8,21.37553406,0.319553971,0.23318170875650437,21.29864502,0.361004373413427,Relative Decoupling
1992,Vietnam,8.7,101.915,70.002,1455.904,37.7,21.46645927,0.314479262,0.21063100887994898,21.37553406,0.4253704714220448,Relative Decoupling
1993,Vietnam,8.1,112.759,71.223,1583.18,8.4,22.85300255,0.328411937,0.20267120628952012,21.46645927,6.459114950259787,Relative Decoupling
1994,Vietnam,8.8,125.34,72.43,1730.507,10.4,27.3621521,0.386174381,0.21830343146641135,22.85300255,19.73110334247961,Relative Decoupling
1995,Vietnam,9.5,140.177,73.627,1903.867,16.9,30.08847237,0.417605758,0.21464628555326482,27.3621521,9.963837128147542,Relative Decoupling
1996,Vietnam,9.3,156.075,74.815,2086.155,5.6,35.48151016,0.485008627,0.2273362816594586,30.08847237,17.923933537340954,Relative Decoupling
1997,Vietnam,8.2,171.709,75.991,2259.592,3.1,45.50207138,0.613013327,0.26499526163450954,35.48151016,28.241642407026564,Relative Decoupling
1998,Vietnam,5.8,183.649,77.167,2379.903,7.2,47.86635208,0.635678172,0.26064041775343183,45.50207138,5.195984772331044,Relative Decoupling
1999,Vietnam,4.8,195.138,78.333,2491.143,4.1,48.54832458,0.636386752,0.24878970051963226,47.86635208,1.4247429987148512,Relative Decoupling
2000,Vietnam,6.8,213.103,79.395,2684.087,-1.8,53.93546677,0.699062347,0.2530957648179519,48.54832458,11.096453351593702,Relative Decoupling
2001,Vietnam,6.9,232.925,80.469,2894.591,-0.3,60.98338699,0.78214556,0.26181555002683266,53.93546677,13.067320340537403,Relative Decoupling
2002,Vietnam,7.1,253.293,81.534,3106.582,4.1,69.53095245,0.882683575,0.27450799054849523,60.98338699,14.01621963273641,Relative Decoupling
2003,Vietnam,7.3,277.256,82.302,3368.774,3.3,77.26105499,0.97105819,0.27866323899212286,69.53095245,11.117498419942908,Relative Decoupling
2004,Vietnam,7.8,306.888,83.063,3694.651,7.9,88.9391861,1.107048988,0.2898099179505227,77.26105499,15.115158745258539,Relative Decoupling
2005,Vietnam,7.5,340.4,83.833,4060.464,8.4,95.84205627,1.181946635,0.28155715707990603,88.9391861,7.761337238052373,Relative Decoupling
2006,Vietnam,7.0,375.383,84.618,4436.226,7.5,99.65592194,1.212832689,0.26547798365935593,95.84205627,3.9793237107265567,Relative Decoupling
2007,Vietnam,7.1,413.041,85.42,4835.432,8.3,101.4326324,1.212824821,0.24557521505129032,99.65592194,1.7828448379311677,Relative Decoupling
2008,Vietnam,5.7,444.833,86.243,5157.883,23.1,114.2995758,1.341925621,0.25694940753046647,101.4326324,12.685210957810058,Relative Decoupling
2009,Vietnam,5.4,471.737,87.092,5416.516,6.7,124.4933929,1.439895391,0.2639042366827279,114.2995758,8.918508252241478,Relative Decoupling
2010,Vietnam,6.4,508.139,87.968,5776.431,10.5,139.5638428,1.595833302,0.2746568218538628,124.4933929,12.105421459679729,Relative Decoupling
2011,Vietnam,6.4,551.883,87.86,6281.367,18.7,152.5639343,1.724503636,0.27644253274697717,139.5638428,9.314799047651327,Relative Decoupling
2012,Vietnam,5.5,593.103,88.809,6678.394,9.1,144.2875366,1.611964703,0.24327568162696872,152.5639343,-5.424871702459753,Absolute Decoupling
2013,Vietnam,5.6,636.697,89.76,7093.364,6.6,151.4593658,1.672233343,0.23788295814178487,144.2875366,4.970511915995931,Relative Decoupling
2014,Vietnam,6.4,689.389,90.729,7598.336,4.1,180.0475159,1.963878036,0.26116969649936395,151.4593658,18.875128618820618,Relative Decoupling
2015,Vietnam,7.0,744.402,91.713,8116.622,0.6,213.3913116,2.298899174,0.2866613894105604,180.0475159,18.519442233526526,Relative Decoupling
2016,Vietnam,6.7,801.749,92.695,8649.319,2.7,221.0270081,2.351348162,0.2756810524241377,213.3913116,3.5782602594022364,Relative Decoupling
2017,Vietnam,6.9,872.747,93.672,9317.097,3.5,227.6943665,2.392326117,0.2608938976587717,221.0270081,3.0165356068085023,Relative Decoupling
2018,Vietnam,7.5,963.333,94.666,10176.123,3.5,255.4684143,2.654567003,0.2651922173329472,227.6943665,12.197951239166914,Relative Decoupling
2019,Vietnam,7.4,1071.756,96.484,11108.123,2.8,339.3123474,3.491809845,0.31659477287740867,255.4684143,32.81968666448955,Relative Decoupling
2020,Vietnam,2.9,1138.632,97.583,11668.385,3.2,362.598877,3.69700098,0.31845133194921627,339.3123474,6.862859479896426,Relative Decoupling
2021,Vietnam,2.6,1192.059,98.506,12101.363,1.8,314.1965942,3.175785065,0.26357470074887235,362.598877,-13.34871282571568,Absolute Decoupling
2022,Vietnam,8.5,1385.854,99.462,13933.544,3.2,322.6531372,3.236868382,0.23281899622903998,314.1965942,2.6914814342694777,Relative Decoupling
2023,Vietnam,5.1,1509.922,100.309,15052.708,3.3,347.3987732,3.461795807,0.2300772975027849,322.6531372,7.669423646316862,Relative Decoupling
2024,Vietnam,7.0,1654.976,101.3,16337.37,3.6,370.9313354,3.673035145,0.22413094534301403,347.3987732,6.773933593154102,Relative Decoupling
